DecisionTreeClassifier0,0.5484439896000493
BayesianRidge1,0.6945319514116644
SVR2,0.5706861283047431
KNeighborsRegressor3,0.7191144914156283
EnsembleClassifier,0.7401263406841254
