DecisionTreeClassifier0,0.5444615898020547
DecisionTreeClassifier1,0.6360098877331574
DecisionTreeClassifier2,0.5837891765142189
KNeighborsRegressor3,0.7191144914156283
EnsembleClassifier,0.7720702714357374
