DecisionTreeClassifier0,KNeighborsRegressor1,SVR2,DecisionTreeClassifier3,EnsembleClassifier
0.19430383307806198,0.5220248506931995,0.45363901376877425,0.3016629994474188,0.6506955310500435
