DecisionTreeClassifier0,0.6569934835497258
DecisionTreeClassifier1,0.6628774556954216
DecisionTreeClassifier2,0.6188386947384206
DecisionTreeClassifier3,0.6762731663739812
EnsembleClassifier,0.7490927686238056
